年齡,年份,月份,薪資,獎金,保單分紅,現金股利,未實現損益,固定支出,變動支出,貸款還款,決策支出,淨現金流,現金存款,股票市值,流動資產,負債餘額,總淨資產,槓桿倍率,負債資產比
29,2026,1,59000,0,0,10784,169045,22500,25565,10527,13333,-22141,977859,2899597,3877455,589473,3287982,1.18,15%
29,2026,2,59000,0,0,11382,53259,22500,22839,10527,13333,-18817,959041,2972855,3931897,578946,3352951,1.17,15%
29,2026,3,59000,0,0,13088,92940,22500,27108,10527,13333,-21380,937661,3085796,4023457,568419,3455038,1.16,14%
29,2026,4,59000,0,0,13228,-91221,22500,26922,10527,13333,-21054,916607,3014575,3931182,557892,3373290,1.17,14%
29,2026,5,59000,0,0,13277,-4916,22500,26295,10527,13333,-20379,896229,3029659,3925888,547365,3378523,1.16,14%
29,2026,6,59000,0,0,12483,-143483,22500,21631,10527,13333,-16508,879720,2906176,3785896,536838,3249058,1.17,14%
29,2026,7,59000,0,0,12773,72862,22500,19153,10527,13333,-13741,865980,2999038,3865018,526311,3338707,1.16,14%
29,2026,8,59000,0,0,11871,104840,22500,26934,10527,13333,-22424,843555,3123878,3967434,515784,3451650,1.15,13%
29,2026,9,59000,0,0,11387,90162,22500,15814,10527,13333,-11788,831768,3234041,4065808,505257,3560551,1.14,12%
29,2026,10,59000,0,0,11515,-25544,22500,25740,10527,13333,-21585,810183,3228497,4038680,494730,3543950,1.14,12%
29,2026,11,59000,0,0,12166,52893,22500,23448,10527,13333,-18642,791541,3301390,4092930,484203,3608727,1.13,12%
29,2026,12,59000,147500,15520,11046,-90193,22500,22644,10527,13333,144062,935603,3231197,4166799,473676,3693123,1.13,11%
30,2027,1,60081,0,0,13918,104678,22950,18315,10527,13333,-11527,924076,3356275,4280351,463149,3817202,1.12,11%
30,2027,2,60081,0,0,12064,-101984,22950,23186,10527,13333,-18251,905825,3274691,4180516,452622,3727894,1.12,11%
30,2027,3,60081,0,0,12504,-14591,22950,20271,10527,13333,-14896,890928,3280499,4171428,442095,3729333,1.12,11%
30,2027,4,60081,0,0,12745,-76793,22950,21485,10527,13333,-15869,875059,3224107,4099166,431568,3667598,1.12,11%
30,2027,5,60081,0,0,14852,14631,44575,22510,10527,13333,-36412,838647,3259138,4097785,421041,3676744,1.11,10%
30,2027,6,60081,0,0,13028,50115,22950,26757,10527,13333,-20859,817788,3329653,4147442,410514,3736928,1.11,10%
30,2027,7,60081,0,0,14897,96866,22950,27754,10527,13333,-19987,797802,3446919,4244720,399987,3844733,1.1,9%
30,2027,8,60081,0,0,13530,-57468,22950,28490,10527,13333,-22088,775713,3409851,4185564,389460,3796104,1.1,9%
30,2027,9,60081,0,0,11390,-53268,22950,30412,10527,13333,-26151,749562,3376982,4126544,378933,3747611,1.1,9%
30,2027,10,60081,0,0,11194,119792,22950,26400,10527,13333,-22335,727227,3517174,4244400,368406,3875994,1.1,9%
30,2027,11,60081,0,0,13909,33869,22950,23508,10527,13333,-16727,710499,3571443,4281942,357879,3924063,1.09,8%
30,2027,12,60081,150203,18720,11441,-13083,22950,16691,10527,13333,156544,867043,3578760,4445803,347352,4098451,1.08,8%
31,2028,1,62322,0,0,19752,23798,23409,27627,10527,13333,-13630,853413,3623366,4476779,336825,4139954,1.08,8%
31,2028,2,62322,0,0,14077,-1955,23409,21220,10527,13333,-12898,840515,3642219,4482734,326298,4156436,1.08,7%
31,2028,3,62322,0,0,13390,-135915,23409,20424,10527,13333,-12789,827725,3527113,4354838,315771,4039067,1.08,7%
31,2028,4,62322,0,0,12647,221586,23409,26745,10527,13333,-19853,807872,3769506,4577378,305244,4272134,1.07,7%
31,2028,5,62322,0,0,16899,-33998,45818,26993,10527,13333,-38259,769613,3756316,4525929,294717,4231212,1.07,7%
31,2028,6,62322,0,0,13127,-25878,23409,25714,10527,13333,-18342,751271,3751246,4502517,284190,4218327,1.07,6%
31,2028,7,62322,0,0,17085,-23788,23409,29294,10527,13333,-17965,733306,3748265,4481571,273663,4207908,1.07,6%
31,2028,8,62322,0,0,15142,-43110,23409,26457,10527,13333,-17071,716235,3725963,4442199,263136,4179063,1.06,6%
31,2028,9,62322,0,0,11706,-111645,23409,25665,10527,13333,-19714,696521,3635126,4331647,252609,4079038,1.06,6%
31,2028,10,62322,0,0,11493,-47010,23409,21775,10527,13333,-16038,680483,3608924,4289408,242082,4047326,1.06,6%
31,2028,11,62322,0,0,14993,-36603,23409,28261,10527,13333,-19024,661460,3593130,4254589,231555,4023034,1.06,5%
31,2028,12,62322,155805,21920,11304,54079,23409,25816,10527,13333,157457,818917,3668017,4486933,221028,4265905,1.05,5%
32,2029,1,63745,0,0,21496,-32551,23876,28085,10527,13333,-11804,807112,3656690,4463802,210501,4253301,1.05,5%
32,2029,2,63745,0,0,15654,87202,23876,25539,10527,13333,-15101,792011,3765116,4557127,199974,4357153,1.05,4%
32,2029,3,63745,0,0,13619,9920,23876,24732,10527,13333,-16329,775683,3796260,4571943,189447,4382496,1.04,4%
32,2029,4,63745,0,0,13814,-95857,23876,28488,10527,13333,-19890,755793,3721627,4477420,178920,4298500,1.04,4%
32,2029,5,63745,0,0,18669,-150532,47909,30057,10527,13333,-40637,715156,3592319,4307475,168393,4139082,1.04,4%
32,2029,6,63745,0,0,13432,-14602,23876,27818,10527,13333,-19602,695555,3598940,4294495,157866,4136629,1.04,4%
32,2029,7,63745,0,0,16309,-7449,23876,19981,10527,13333,-8888,686667,3612715,4299382,147339,4152043,1.04,3%
32,2029,8,63745,0,0,15922,63231,23876,33502,10527,13333,-22796,663871,3697170,4361041,136812,4224229,1.03,3%
32,2029,9,63745,0,0,11472,-112252,23876,30592,10527,13333,-24335,639536,3606142,4245678,126285,4119393,1.03,3%
32,2029,10,63745,0,0,11385,-118032,23876,25336,10527,13333,-19167,620370,3509334,4129703,115758,4013945,1.03,3%
32,2029,11,63745,0,0,15810,-113101,23876,26434,10527,13333,-15840,604530,3417457,4021987,105231,3916756,1.03,3%
32,2029,12,63745,159362,25120,11014,1675,23876,28843,10527,13333,161437,765968,3440357,4206324,94704,4111620,1.02,2%
33,2030,1,64541,0,0,18741,-67823,24354,24002,10527,13333,-10582,755385,3394181,4149566,84177,4065389,1.02,2%
33,2030,2,64541,0,0,16396,20255,24354,28550,10527,13333,-17476,737910,3436085,4173994,73650,4100344,1.02,2%
33,2030,3,64541,0,0,12512,-45026,24354,31287,10527,13333,-24097,713813,3412707,4126520,63123,4063397,1.02,2%
33,2030,4,64541,0,0,12419,-89131,24354,27498,10527,13333,-20401,693412,3345224,4038636,52596,3986040,1.01,1%
33,2030,5,64541,0,0,18304,219443,49419,27069,10527,13333,-39152,654260,3586315,4240576,42069,4198507,1.01,1%
33,2030,6,64541,0,0,12553,172318,24354,30861,10527,13333,-23630,630630,3780281,4410911,31542,4379369,1.01,1%
33,2030,7,64541,0,0,16680,-9124,24354,29674,10527,13333,-18316,612314,3792805,4405119,21015,4384104,1,0%
33,2030,8,64541,0,0,18058,-49688,24354,21837,10527,13333,-9101,603213,3764765,4367977,10488,4357489,1,0%
33,2030,9,64541,0,0,11429,90141,24354,26883,10488,13333,-20737,582476,3876554,4459030,0,4459030,1,0%
33,2030,10,64541,0,0,11426,4977,24354,24205,0,13333,-7574,574902,3903179,4478080,0,4478080,1,0%
33,2030,11,64541,0,0,17700,-75390,24354,22077,0,13333,829,575730,3849436,4425166,0,4425166,1,0%
33,2030,12,64541,161351,28320,11630,-100978,24354,31440,0,13333,175066,750796,3770107,4520903,0,4520903,1,0%
34,2031,1,65620,0,0,20976,52111,24841,33832,0,13333,-7492,743304,3844299,4587603,0,4587603,1,0%
34,2031,2,65620,0,0,18377,151256,24841,29581,0,13333,-5840,737464,4017636,4755100,0,4755100,1,0%
34,2031,3,65620,0,0,13121,-78335,24841,28552,0,13333,-10067,727398,3961381,4688779,0,4688779,1,0%
34,2031,4,65620,0,0,12423,-143316,24841,20956,0,13333,-3168,724230,3840146,4564375,0,4564375,1,0%
34,2031,5,65620,0,0,21715,-11778,50483,30957,0,13333,-29520,694710,3850449,4545159,0,4545159,1,0%
34,2031,6,65620,0,0,12854,82410,24841,33887,0,13333,-15669,679041,3954940,4633981,0,4633981,1,0%
34,2031,7,65620,0,0,16980,-45532,24841,32903,0,13333,-10559,668483,3931489,4599972,0,4599972,1,0%
34,2031,8,65620,0,0,18574,37711,24841,29052,0,13333,-5113,663369,3991281,4654650,0,4654650,1,0%
34,2031,9,65620,0,0,11200,42077,24841,24528,0,13333,-7964,655405,4055439,4710844,0,4710844,1,0%
34,2031,10,65620,0,0,11401,-18954,24841,32434,0,13333,-15668,639737,4058566,4698303,0,4698303,1,0%
34,2031,11,65620,0,0,18773,-18604,24841,27526,0,13333,-3389,636348,4062042,4698390,0,4698390,1,0%
34,2031,12,65620,164050,31520,11054,-83542,24841,28542,0,13333,183446,819794,4000581,4820376,0,4820376,1,0%
35,2032,1,66101,0,0,23016,-96916,25338,29272,0,13333,-1350,818445,3926188,4744632,0,4744632,1,0%
35,2032,2,66101,0,0,20092,79058,25338,31940,0,13333,-6940,811504,4027769,4839273,0,4839273,1,0%
35,2032,3,66101,0,0,12471,65730,25338,30498,0,13333,-13121,798383,4116022,4914406,0,4914406,1,0%
35,2032,4,66101,0,0,12927,-210722,25338,26818,0,13333,-8985,789399,3927824,4717222,0,4717222,1,0%
35,2032,5,66101,0,0,23776,89342,51762,28889,0,13333,-26630,762769,4039689,4802457,0,4802457,1,0%
35,2032,6,66101,0,0,12305,169614,25338,31861,0,13333,-14649,748119,4231826,4979945,0,4979945,1,0%
35,2032,7,66101,0,0,17457,-82074,25338,32788,0,13333,-10425,737695,4172274,4909969,0,4909969,1,0%
35,2032,8,66101,0,0,20833,-90852,25338,29422,0,13333,-3682,734012,4103946,4837958,0,4837958,1,0%
35,2032,9,66101,0,0,10665,-137416,25338,24988,0,13333,-9416,724596,3989053,4713649,0,4713649,1,0%
35,2032,10,66101,0,0,10328,-128614,25338,37166,0,13333,-21932,702664,3882962,4585627,0,4585627,1,0%
35,2032,11,66101,0,0,20882,96143,25338,28564,0,13333,-2776,699888,4001628,4701516,0,4701516,1,0%
35,2032,12,66101,165252,34720,10124,-87635,25338,32330,0,13333,182673,882561,3936516,4819077,0,4819077,1,0%
36,2033,1,67473,0,0,22436,367404,25846,32263,0,13333,-4507,878054,4326894,5204947,0,5204947,1,0%
36,2033,2,67473,0,0,22383,89840,25846,26091,0,13333,1612,879665,4439707,5319372,0,5319372,1,0%
36,2033,3,67473,0,0,12013,-105629,25846,28652,0,13333,-11319,868347,4357050,5225397,0,5225397,1,0%
36,2033,4,67473,0,0,12373,147769,25846,25603,0,13333,-7909,860437,4527792,5388230,0,5388230,1,0%
36,2033,5,67473,0,0,26429,334797,52619,34267,0,13333,-29291,831147,4885562,5716709,0,5716709,1,0%
36,2033,6,67473,0,0,12295,247908,25846,36102,0,13333,-18486,812660,5156443,5969104,0,5969104,1,0%
36,2033,7,67473,0,0,21271,626878,25846,22868,0,13333,3724,816384,5806295,6622679,0,6622679,1,0%
36,2033,8,67473,0,0,24525,7985,25846,32727,0,13333,-2881,813503,5837253,6650756,0,6650756,1,0%
36,2033,9,67473,0,0,11755,-220185,25846,28046,0,13333,-10971,802532,5640040,6442572,0,6442572,1,0%
36,2033,10,67473,0,0,11219,126195,25846,35800,0,13333,-19260,783271,5789209,6572480,0,6572480,1,0%
36,2033,11,67473,0,0,23477,624101,25846,32171,0,13333,-3373,779898,6436282,7216180,0,7216180,1,0%
36,2033,12,67473,168682,37920,11395,77450,25846,23407,0,13333,199910,979809,6536705,7516514,0,7516514,1,0%
37,2034,1,69557,0,0,53118,57068,26362,35456,0,13333,24091,1003900,6617207,7621106,0,7621106,1,0%
37,2034,2,69557,0,0,24470,47464,26362,29672,0,13333,1227,1005127,6688104,7693231,0,7693231,1,0%
37,2034,3,69557,0,0,13219,731427,26362,34727,0,13333,-15079,990048,7442964,8433011,0,8433011,1,0%
37,2034,4,69557,0,0,13189,-1087620,26362,29075,0,13333,-9458,980590,6378777,7359367,0,7359367,1,0%
37,2034,5,69557,0,0,26535,-300864,54130,30656,0,13333,-25460,955130,6101346,7056476,0,7056476,1,0%
37,2034,6,69557,0,0,13362,12224,26362,33992,0,13333,-14201,940928,6137004,7077932,0,7077932,1,0%
37,2034,7,69557,0,0,26293,182808,26362,34302,0,13333,-1580,939348,6343245,7282593,0,7282593,1,0%
37,2034,8,69557,0,0,23486,-94216,26362,29784,0,13333,131,939479,6272462,7211941,0,7211941,1,0%
37,2034,9,69557,0,0,11026,-2909,26362,26298,0,13333,-8843,930636,6292985,7223622,0,7223622,1,0%
37,2034,10,69557,0,0,10636,-333418,26362,23519,0,13333,-6454,924182,5983001,6907183,0,6907183,1,0%
37,2034,11,69557,0,0,23917,226127,26362,31469,0,13333,-1123,923058,6232561,7155619,0,7155619,1,0%
37,2034,12,69557,173893,41120,10178,45605,26362,38910,0,13333,192710,1115769,6301598,7417367,0,7417367,1,0%
38,2035,1,71554,0,0,51753,626452,26890,30080,0,13333,29103,1144872,6951951,8096823,0,8096823,1,0%
38,2035,2,71554,0,0,24954,-654662,26890,28093,0,13333,4290,1149162,6321190,7470352,0,7470352,1,0%
38,2035,3,71554,0,0,11017,396946,26890,33928,0,13333,-15482,1133680,6742037,7875718,0,7875718,1,0%
38,2035,4,71554,0,0,10737,-410541,26890,30902,0,13333,-12735,1120946,6355397,7476343,0,7476343,1,0%
38,2035,5,71554,0,0,28902,286401,56169,36626,0,13333,-29574,1091372,6665699,7757070,0,7757070,1,0%
38,2035,6,71554,0,0,10498,-309519,26890,23181,0,13333,-5254,1086118,6380081,7466199,0,7466199,1,0%
38,2035,7,71554,0,0,26220,-139354,26890,25263,0,13333,8387,1094505,6264628,7359133,0,7359133,1,0%
38,2035,8,71554,0,0,26411,39100,26890,31836,0,13333,2005,1096510,6327629,7424138,0,7424138,1,0%
38,2035,9,71554,0,0,9506,693475,26890,23741,0,13333,-6804,1089705,7045004,8134709,0,8134709,1,0%
38,2035,10,71554,0,0,9657,-384874,26890,15966,0,13333,1121,1090826,6684031,7774857,0,7774857,1,0%
38,2035,11,71554,0,0,28209,193674,26890,27141,0,13333,8498,1099324,6901606,8000929,0,8000929,1,0%
38,2035,12,71554,178886,44320,9464,-46649,26890,29773,0,13333,210327,1309651,6878857,8188508,0,8188508,1,0%
39,2036,1,72720,0,0,54591,-551462,27426,37099,0,13333,25073,1334724,6351775,7686499,0,7686499,1,0%
39,2036,2,72720,0,0,32867,-380653,27426,22660,0,13333,17787,1352511,5995502,7348014,0,7348014,1,0%
39,2036,3,72720,0,0,11793,-175584,27426,28413,0,13333,-9039,1343472,5844299,7187771,0,7187771,1,0%
39,2036,4,72720,0,0,11908,-203426,27426,32906,0,13333,-13418,1330055,5665252,6995307,0,6995307,1,0%
39,2036,5,72720,0,0,40677,71181,59871,28651,0,13333,-12838,1317216,5760813,7078030,0,7078030,1,0%
39,2036,6,72720,0,0,12264,359612,27426,29162,0,13333,-9318,1307898,6144806,7452704,0,7452704,1,0%
39,2036,7,72720,0,0,22721,354693,27426,24115,0,13333,6186,1314084,6523879,7837963,0,7837963,1,0%
39,2036,8,72720,0,0,36417,26808,27426,28217,0,13333,15781,1329865,6575067,7904932,0,7904932,1,0%
39,2036,9,72720,0,0,11258,40844,27426,38034,0,13333,-19195,1310670,6640291,7950961,0,7950961,1,0%
39,2036,10,72720,0,0,11501,135175,27426,25207,0,13333,-6125,1304545,6799846,8104392,0,8104392,1,0%
39,2036,11,72720,0,0,38086,-841512,27426,30248,0,13333,15419,1319964,5982714,7302678,0,7302678,1,0%
39,2036,12,72720,181800,47520,10425,8816,27426,32278,0,13333,215047,1535011,6015911,7550922,0,7550922,1,0%
40,2037,1,73863,0,0,37648,446987,27975,40448,0,13333,4886,1539897,6487766,8027663,0,8027663,1,0%
40,2037,2,73863,0,0,38982,-76621,27975,44547,0,13333,2122,1542019,6436013,7978032,0,7978032,1,0%
40,2037,3,73863,0,0,12392,-10548,27975,31818,0,13333,-11739,1530281,6450333,7980614,0,7980614,1,0%
40,2037,4,73863,0,0,12000,142566,27975,33825,0,13333,-14137,1516143,6617767,8133910,0,8133910,1,0%
40,2037,5,73863,0,0,45412,322612,62448,18335,0,13333,291,1516434,6965247,8481681,0,8481681,1,0%
40,2037,6,73863,0,0,13029,-467060,27975,24567,0,13333,-3851,1512583,6523055,8035638,0,8035638,1,0%
40,2037,7,73863,0,0,23684,339212,27975,29426,0,13333,1946,1514529,6887135,8401665,0,8401665,1,0%
40,2037,8,73863,0,0,40383,27515,27975,32394,0,13333,15677,1530206,6939518,8469724,0,8469724,1,0%
40,2037,9,73863,0,0,12293,-192264,27975,36351,0,13333,-16371,1513835,6772122,8285958,0,8285958,1,0%
40,2037,10,73863,0,0,11828,-399132,27975,24868,0,13333,-5353,1508482,6397859,7906341,0,7906341,1,0%
40,2037,11,73863,0,0,40779,156849,27975,35968,0,13333,12498,1520980,6579575,8100555,0,8100555,1,0%
40,2037,12,73863,184659,50720,12094,159331,27975,24024,0,13333,231135,1752115,6763774,8515889,0,8515889,1,0%
41,2038,1,75063,0,0,40193,350135,28535,33964,0,0,27393,1779508,7139274,8918782,0,8918782,1,0%
41,2038,2,75063,0,0,45129,468647,28535,32984,0,0,33309,1812817,7633286,9446102,0,9446102,1,0%
41,2038,3,75063,0,0,14037,423006,28535,28746,0,0,6454,1819271,8081656,9900928,0,9900928,1,0%
41,2038,4,75063,0,0,14847,-643535,28535,34371,0,0,1639,1820910,7463486,9284396,0,9284396,1,0%
41,2038,5,75063,0,0,51762,301422,64997,33797,0,0,2666,1823577,7790273,9613850,0,9613850,1,0%
41,2038,6,75063,0,0,14445,665738,28535,31434,0,0,4175,1827752,8481377,10309129,0,10309129,1,0%
41,2038,7,75063,0,0,31932,773112,28535,24711,0,0,28385,1856137,9279854,11135991,0,11135991,1,0%
41,2038,8,75063,0,0,49295,585593,28535,31934,0,0,38525,1894662,9890812,11785474,0,11785474,1,0%
41,2038,9,75063,0,0,13574,99006,28535,24526,0,0,10211,1904873,10015183,11920056,0,11920056,1,0%
41,2038,10,75063,0,0,13301,-945560,28535,39010,0,0,-4546,1900327,9094988,10995315,0,10995315,1,0%
41,2038,11,75063,0,0,46051,-190844,28535,34121,0,0,33094,1933421,8929509,10862930,0,10862930,1,0%
41,2038,12,75063,187659,50720,12985,-499435,28535,27836,0,0,244691,2178112,8455439,10633551,0,10633551,1,0%
42,2039,1,75572,0,0,57206,-491274,29106,42764,0,0,35036,2213148,7990037,10203185,0,10203185,1,0%
42,2039,2,75572,0,0,51587,427774,29106,31398,0,0,40783,2253931,8443683,10697613,0,10697613,1,0%
42,2039,3,75572,0,0,15495,-275237,29106,25565,0,0,10524,2264454,8194318,10458772,0,10458772,1,0%
42,2039,4,75572,0,0,14771,557850,29106,29200,0,0,6165,2270619,8778040,11048659,0,11048659,1,0%
42,2039,5,75572,0,0,61521,728104,67656,35650,0,0,7915,2278534,9532016,11810550,0,11810550,1,0%
42,2039,6,75572,0,0,15089,-159900,29106,33541,0,0,2142,2280676,9397989,11678665,0,11678665,1,0%
42,2039,7,75572,0,0,33145,-89996,29106,33397,0,0,20342,2301017,9333865,11634882,0,11634882,1,0%
42,2039,8,75572,0,0,57912,434599,29106,27100,0,0,51406,2352424,9794336,12146759,0,12146759,1,0%
42,2039,9,75572,0,0,13192,-121417,29106,32695,0,0,1091,2353514,9698790,12052305,0,12052305,1,0%
42,2039,10,75572,0,0,13151,-122295,29106,23687,0,0,10057,2363572,9602368,11965939,0,11965939,1,0%
42,2039,11,75572,0,0,56821,110366,29106,30492,0,0,46923,2410494,9738606,12149100,0,12149100,1,0%
42,2039,12,75572,188929,50720,12913,-47285,29106,22193,0,0,250963,2661458,9717192,12378650,0,12378650,1,0%
43,2040,1,75307,0,0,70925,208268,29688,43634,0,0,46520,2707978,9951850,12659828,0,12659828,1,0%
43,2040,2,75307,0,0,57487,-259460,29688,29127,0,0,47590,2755568,9718779,12474347,0,12474347,1,0%
43,2040,3,75307,0,0,14862,-200502,29688,31760,0,0,2332,2757900,9544666,12302566,0,12302566,1,0%
43,2040,4,75307,0,0,14841,622704,29688,30045,0,0,4027,2761927,10193760,12955686,0,12955686,1,0%
43,2040,5,75307,0,0,66944,-7304,69123,33026,0,0,13713,2775640,10212844,12988484,0,12988484,1,0%
43,2040,6,75307,0,0,14572,-146728,29688,32573,0,0,1229,2776869,10092506,12869374,0,12869374,1,0%
43,2040,7,75307,0,0,36131,97390,29688,36307,0,0,19053,2795922,10216284,13012206,0,13012206,1,0%
43,2040,8,75307,0,0,60575,315859,29688,32386,0,0,47419,2843341,10558533,13401873,0,13401873,1,0%
43,2040,9,75307,0,0,13379,108291,29688,30059,0,0,2550,2845890,10693213,13539103,0,13539103,1,0%
43,2040,10,75307,0,0,13167,571298,29688,23168,0,0,9229,2855119,11290899,14146018,0,14146018,1,0%
43,2040,11,75307,0,0,59815,830333,29688,33877,0,0,45169,2900288,12147621,15047909,0,15047909,1,0%
43,2040,12,75307,188267,50720,13732,969303,29688,34920,0,0,237029,3137317,13143313,16280630,0,16280630,1,0%
44,2041,1,75871,0,0,106846,-1016911,30282,27121,0,0,98397,3235714,12153319,15389032,0,15389032,1,0%
44,2041,2,75871,0,0,69199,285476,30282,26343,0,0,61528,3297241,12465712,15762953,0,15762953,1,0%
44,2041,3,75871,0,0,15994,-84047,30282,31099,0,0,3567,3300808,12408582,15709390,0,15709390,1,0%
44,2041,4,75871,0,0,15752,85700,30282,28627,0,0,5797,3306604,12521199,15827804,0,15827804,1,0%
44,2041,5,75871,0,0,87682,-93937,69256,37121,0,0,30259,3336864,12454180,15791043,0,15791043,1,0%
44,2041,6,75871,0,0,16661,-130355,30282,34106,0,0,1226,3338090,12350741,15688831,0,15688831,1,0%
44,2041,7,75871,0,0,43479,-1022414,30282,29829,0,0,32323,3370413,11355244,14725657,0,14725657,1,0%
44,2041,8,75871,0,0,78612,-180150,30282,24613,0,0,72670,3443083,11202011,14645094,0,14645094,1,0%
44,2041,9,75871,0,0,15661,95845,30282,27119,0,0,7213,3450296,11324773,14775069,0,14775069,1,0%
44,2041,10,75871,0,0,15813,613881,30282,35376,0,0,-891,3449406,11965570,15414976,0,15414976,1,0%
44,2041,11,75871,0,0,82894,-264540,30282,36553,0,0,65013,3514419,11727947,15242366,0,15242366,1,0%
44,2041,12,75871,189677,50720,14395,340234,30282,23744,0,0,249719,3764138,12095098,15859237,0,15859237,1,0%
45,2042,1,77775,0,0,77965,145389,30889,31303,0,0,66092,3830230,12267943,16098173,0,16098173,1,0%
45,2042,2,77775,0,0,88902,48277,30889,32431,0,0,75900,3906131,12343676,16249807,0,16249807,1,0%
45,2042,3,77775,0,0,16916,-701711,30889,39504,0,0,-3158,3902972,11669421,15572394,0,15572394,1,0%
45,2042,4,77775,0,0,16850,237644,30889,33358,0,0,2922,3905895,11934521,15840416,0,15840416,1,0%
45,2042,5,77775,0,0,107720,183605,70844,38078,0,0,49117,3955011,12145583,16100594,0,16100594,1,0%
45,2042,6,77775,0,0,15702,-97818,30889,37631,0,0,-2498,3952513,12075221,16027734,0,16027734,1,0%
45,2042,7,77775,0,0,36258,-161393,30889,37860,0,0,17828,3970341,11941284,15911625,0,15911625,1,0%
45,2042,8,77775,0,0,100210,-39820,30889,28030,0,0,91610,4061951,11928920,15990871,0,15990871,1,0%
45,2042,9,77775,0,0,14733,163842,30889,31944,0,0,2219,4064170,12120218,16184388,0,16184388,1,0%
45,2042,10,77775,0,0,15073,124908,30889,25100,0,0,9403,4073573,12272582,16346155,0,16346155,1,0%
45,2042,11,77775,0,0,109902,-240281,30889,33519,0,0,95813,4169386,12059757,16229143,0,16229143,1,0%
45,2042,12,77775,194438,50720,15338,820629,30889,36254,0,0,243672,4413057,12907842,17320900,0,17320900,1,0%
46,2043,1,81285,0,0,64838,310562,31505,37653,0,0,48961,4462018,13246409,17708427,0,17708427,1,0%
46,2043,2,81285,0,0,122031,836596,31505,36818,0,0,106989,4569007,14111010,18680016,0,18680016,1,0%
46,2043,3,81285,0,0,17427,-1002202,31505,29728,0,0,9473,4578480,13136813,17715293,0,17715293,1,0%
46,2043,4,81285,0,0,17175,-242194,31505,41216,0,0,-2266,4576215,12922623,17498838,0,17498838,1,0%
46,2043,5,81285,0,0,137812,582535,74774,32581,0,0,83736,4659951,13533163,18193114,0,18193114,1,0%
46,2043,6,81285,0,0,16084,318600,31505,28993,0,0,8866,4668817,13879769,18548585,0,18548585,1,0%
46,2043,7,81285,0,0,38812,-737566,31505,38601,0,0,21986,4690803,13170208,17861010,0,17861010,1,0%
46,2043,8,81285,0,0,119713,-513176,31505,25945,0,0,115543,4806346,12685037,17491383,0,17491383,1,0%
46,2043,9,81285,0,0,14220,26085,31505,38753,0,0,-2757,4803588,12739127,17542715,0,17542715,1,0%
46,2043,10,81285,0,0,15160,203064,31505,33465,0,0,3470,4807058,12970196,17777255,0,17777255,1,0%
46,2043,11,81285,0,0,123193,308802,31505,32519,0,0,112449,4919508,13307004,18226511,0,18226511,1,0%
46,2043,12,81285,203213,50720,15498,561011,31505,39548,0,0,251658,5171166,13896020,19067186,0,19067186,1,0%
47,2044,1,82943,0,0,75056,860827,32135,38983,0,0,58316,5229482,14785412,20014895,0,20014895,1,0%
47,2044,2,82943,0,0,121894,-1850757,32135,35204,0,0,108933,5338415,12963220,18301635,0,18301635,1,0%
47,2044,3,82943,0,0,17136,-295965,32135,24953,0,0,14427,5352842,12695820,18048662,0,18048662,1,0%
47,2044,4,82943,0,0,17518,-89610,32135,39881,0,0,-120,5352722,12634775,17987497,0,17987497,1,0%
47,2044,5,82943,0,0,134331,170430,81511,26821,0,0,80377,5433099,12833770,18266869,0,18266869,1,0%
47,2044,6,82943,0,0,18077,26922,32135,34326,0,0,5995,5439094,12889257,18328351,0,18328351,1,0%
47,2044,7,82943,0,0,33408,706419,32135,32721,0,0,22931,5462024,13624241,19086265,0,19086265,1,0%
47,2044,8,82943,0,0,129062,-262214,32135,32909,0,0,118397,5580421,13390592,18971014,0,18971014,1,0%
47,2044,9,82943,0,0,15592,295897,32135,26397,0,0,11439,5591860,13715055,19306915,0,19306915,1,0%
47,2044,10,82943,0,0,15853,1243743,32135,34489,0,0,3607,5595467,14987362,20582829,0,20582829,1,0%
47,2044,11,82943,0,0,145905,-448744,32135,31247,0,0,136901,5732368,14567184,20299552,0,20299552,1,0%
47,2044,12,82943,207359,50720,15984,211490,32135,30924,0,0,265382,5997750,14807239,20804989,0,20804989,1,0%
48,2045,1,85309,0,0,64623,234703,32779,30420,0,0,57597,6055347,15071078,21126425,0,21126425,1,0%
48,2045,2,85309,0,0,162322,-467548,32779,36227,0,0,149489,6204836,14632666,20837502,0,20837502,1,0%
48,2045,3,85309,0,0,18674,-83220,32779,38335,0,0,3733,6208570,14578581,20787151,0,20787151,1,0%
48,2045,4,85309,0,0,18787,907586,32779,39192,0,0,2989,6211559,15515303,21726862,0,21726862,1,0%
48,2045,5,85309,0,0,188397,-148989,85041,31172,0,0,128358,6339917,15395450,21735367,0,21735367,1,0%
48,2045,6,85309,0,0,19767,-651965,32779,35228,0,0,7933,6347850,14772621,21120471,0,21120471,1,0%
48,2045,7,85309,0,0,32014,93024,32779,34410,0,0,20998,6368847,14894781,21263628,0,21263628,1,0%
48,2045,8,85309,0,0,159741,-486150,32779,44712,0,0,138424,6507271,14437767,20945038,0,20945038,1,0%
48,2045,9,85309,0,0,17172,226352,32779,24961,0,0,15605,6522876,14693255,21216131,0,21216131,1,0%
48,2045,10,85309,0,0,17754,-308106,32779,35033,0,0,6115,6528991,14414286,20943277,0,20943277,1,0%
48,2045,11,85309,0,0,159540,-8313,32779,34979,0,0,147956,6676947,14435108,21112055,0,21112055,1,0%
48,2045,12,85309,213273,50720,18401,147098,32779,44917,0,0,260871,6937818,14611343,21549161,0,21549161,1,0%
49,2046,1,86258,0,0,53621,871546,33434,38547,0,0,38179,6975997,15512608,22488605,0,22488605,1,0%
49,2046,2,86258,0,0,175074,793187,33434,36852,0,0,161327,7137324,16335515,23472839,0,23472839,1,0%
49,2046,3,86258,0,0,21013,547200,33434,36550,0,0,7569,7144893,16912433,24057327,0,24057327,1,0%
49,2046,4,86258,0,0,19888,485522,33434,37876,0,0,5118,7150011,17427674,24577685,0,24577685,1,0%
49,2046,5,86258,0,0,203710,-213569,89812,40308,0,0,130129,7280140,17243825,24523965,0,24523965,1,0%
49,2046,6,86258,0,0,19105,-337572,33434,37080,0,0,5130,7285271,16935971,24221242,0,24221242,1,0%
49,2046,7,86258,0,0,41114,-454890,33434,33726,0,0,30493,7315764,16510800,23826564,0,23826564,1,0%
49,2046,8,86258,0,0,164398,-540928,33434,42161,0,0,145342,7461106,15999590,23460697,0,23460697,1,0%
49,2046,9,86258,0,0,15545,1296157,33434,29543,0,0,9107,7470214,17325467,24795680,0,24795680,1,0%
49,2046,10,86258,0,0,15134,-658424,33434,38270,0,0,-31,7470183,16696762,24166945,0,24166945,1,0%
49,2046,11,86258,0,0,170769,322035,33434,28708,0,0,165166,7635349,17048516,24683865,0,24683865,1,0%
49,2046,12,86258,215646,50720,14610,-266481,33434,34104,0,0,269977,7905327,16811754,24717080,0,24717080,1,0%
50,2047,1,86481,0,0,74195,-301748,34102,38610,0,0,57651,7962977,16540319,24503296,0,24503296,1,0%
50,2047,2,86481,0,0,175607,270466,34102,36783,0,0,160889,8123867,16841098,24964965,0,24964965,1,0%
50,2047,3,86481,0,0,15343,-834362,34102,33428,0,0,3981,8127848,16037049,24164897,0,24164897,1,0%
50,2047,4,86481,0,0,14827,338825,34102,16539,0,0,20354,8148202,16406187,24554389,0,24554389,1,0%
50,2047,5,86481,0,0,207893,-404379,92131,31597,0,0,140333,8288535,16032121,24320657,0,24320657,1,0%
50,2047,6,86481,0,0,14965,63154,34102,41436,0,0,-4405,8284130,16125588,24409719,0,24409719,1,0%
50,2047,7,86481,0,0,32989,-24183,34102,40302,0,0,14753,8298883,16131718,24430601,0,24430601,1,0%
50,2047,8,86481,0,0,183590,1106572,34102,42227,0,0,163429,8462312,17268603,25730915,0,25730915,1,0%
50,2047,9,86481,0,0,14302,-336725,34102,42445,0,0,-6077,8456235,16962191,25418426,0,25418426,1,0%
50,2047,10,86481,0,0,14132,244543,34102,37758,0,0,-1560,8454675,17237047,25691722,0,25691722,1,0%
50,2047,11,86481,0,0,186686,685642,34102,32707,0,0,176045,8630720,17953001,26583722,0,26583722,1,0%
50,2047,12,86481,216203,50720,14117,4378,34102,43266,0,0,259840,8890561,17987693,26878253,0,26878253,1,0%
51,2048,1,87977,0,0,84560,930023,34785,35386,0,0,71446,8962007,18948635,27910642,0,27910642,1,0%
51,2048,2,87977,0,0,197523,300153,34785,37436,0,0,182359,9144366,19279708,28424074,0,28424074,1,0%
51,2048,3,87977,0,0,15821,684427,34785,37388,0,0,706,9145072,19995055,29140127,0,29140127,1,0%
51,2048,4,87977,0,0,16259,170898,34785,39531,0,0,-1000,9144071,20196874,29340945,0,29340945,1,0%
51,2048,5,87977,0,0,231314,-67155,93202,44740,0,0,150430,9294501,20160639,29455141,0,29455141,1,0%
51,2048,6,87977,0,0,16799,68990,34785,44926,0,0,-5855,9288647,20260549,29549196,0,29549196,1,0%
51,2048,7,87977,0,0,48152,156425,34785,46385,0,0,24039,9312686,20447894,29760580,0,29760580,1,0%
51,2048,8,87977,0,0,200065,28284,34785,29023,0,0,193314,9506000,20507098,30013098,0,30013098,1,0%
51,2048,9,87977,0,0,14958,882743,34785,37674,0,0,-444,9505556,21420761,30926317,0,30926317,1,0%
51,2048,10,87977,0,0,14831,135641,34785,32953,0,0,4151,9509707,21587322,31097029,0,31097029,1,0%
51,2048,11,87977,0,0,202145,822557,34785,33836,0,0,190581,9700288,22440798,32141086,0,32141086,1,0%
51,2048,12,87977,219944,50720,14959,450453,34785,29708,0,0,278187,9978475,22922171,32900646,0,32900646,1,0%
52,2049,1,88754,0,0,111858,-1808203,35480,36812,0,0,96782,10075257,21145505,31220763,0,31220763,1,0%
52,2049,2,88754,0,0,231616,762879,35480,43698,0,0,209655,10284913,21939922,32224835,0,32224835,1,0%
52,2049,3,88754,0,0,17270,591924,35480,29037,0,0,9970,10294883,22563383,32858266,0,32858266,1,0%
52,2049,4,88754,0,0,18015,-925895,35480,32522,0,0,7230,10302113,21669025,31971138,0,31971138,1,0%
52,2049,5,88754,0,0,262517,-648206,96501,41698,0,0,181535,10483648,21052355,31536003,0,31536003,1,0%
52,2049,6,88754,0,0,19009,-96289,35480,47886,0,0,-7140,10476508,20987604,31464112,0,31464112,1,0%
52,2049,7,88754,0,0,45044,-207475,35480,33359,0,0,33423,10509931,20811666,31321597,0,31321597,1,0%
52,2049,8,88754,0,0,231616,-337269,35480,37650,0,0,215703,10725634,20505933,31231567,0,31231567,1,0%
52,2049,9,88754,0,0,17925,-530311,35480,39583,0,0,79,10725713,20007159,30732872,0,30732872,1,0%
52,2049,10,88754,0,0,18518,242286,35480,39415,0,0,840,10726554,20280982,31007536,0,31007536,1,0%
52,2049,11,88754,0,0,222077,-102296,35480,37692,0,0,206122,10932676,20210223,31142899,0,31142899,1,0%
52,2049,12,88754,221885,50720,18034,-170241,35480,47054,0,0,265323,11197999,20071519,31269517,0,31269517,1,0%
53,2050,1,91018,0,0,87227,-459044,36189,42416,0,0,67471,11265469,19644644,30910113,0,30910113,1,0%
53,2050,2,91018,0,0,215558,185849,36189,32106,0,0,206112,11471581,19862662,31334244,0,31334244,1,0%
53,2050,3,91018,0,0,18591,1007010,36189,37210,0,0,4041,11475622,20901842,32377464,0,32377464,1,0%
53,2050,4,91018,0,0,17449,-10914,36189,41304,0,0,-1195,11474428,20923096,32397524,0,32397524,1,0%
53,2050,5,91018,0,0,279267,403584,98561,43057,0,0,196497,11670925,21358849,33029774,0,33029774,1,0%
53,2050,6,91018,0,0,17994,358610,36189,41894,0,0,-1241,11669684,21749628,33419312,0,33419312,1,0%
53,2050,7,91018,0,0,44689,440068,36189,39436,0,0,27912,11697597,22221865,33919462,0,33919462,1,0%
53,2050,8,91018,0,0,244189,49077,36189,41487,0,0,225361,11922957,22303111,34226069,0,34226069,1,0%
53,2050,9,91018,0,0,15572,393956,36189,25486,0,0,12746,11935703,22729237,34664940,0,34664940,1,0%
53,2050,10,91018,0,0,15974,334621,36189,42228,0,0,-3594,11932109,23096027,35028136,0,35028136,1,0%
53,2050,11,91018,0,0,245513,-1023655,36189,41638,0,0,226535,12158644,22104541,34263185,0,34263185,1,0%
53,2050,12,91018,227544,50720,15545,-1278332,36189,41116,0,0,275353,12433997,20858377,33292374,0,33292374,1,0%
54,2051,1,91786,0,0,78346,349047,36915,43750,0,0,56655,12490652,21240237,33730889,0,33730889,1,0%
54,2051,2,91786,0,0,256840,2072644,36915,37423,0,0,241477,12732129,23345692,36077822,0,36077822,1,0%
54,2051,3,91786,0,0,17758,468047,36915,47727,0,0,-7909,12724220,23846551,36570771,0,36570771,1,0%
54,2051,4,91786,0,0,17696,-164207,36915,31317,0,0,8438,12732658,23715156,36447814,0,36447814,1,0%
54,2051,5,91786,0,0,313154,612775,103226,46084,0,0,222819,12955477,24360743,37316220,0,37316220,1,0%
54,2051,6,91786,0,0,17736,-427460,36915,45501,0,0,-5706,12949771,23966095,36915866,0,36915866,1,0%
54,2051,7,91786,0,0,47147,1445621,36915,34200,0,0,35006,12984777,25444528,38429305,0,38429305,1,0%
54,2051,8,91786,0,0,287682,1525953,36915,40991,0,0,268751,13253528,27003294,40256821,0,40256821,1,0%
54,2051,9,91786,0,0,15974,-572559,36915,47899,0,0,-9866,13243662,26463547,39707209,0,39707209,1,0%
54,2051,10,91786,0,0,16595,-809118,36915,30284,0,0,8370,13252033,25687241,38939274,0,38939274,1,0%
54,2051,11,91786,0,0,300069,898059,36915,41125,0,0,281003,13533036,26618112,40151148,0,40151148,1,0%
54,2051,12,91786,229466,50720,16509,-612752,36915,41828,0,0,276927,13809963,26038172,39848135,0,39848135,1,0%
55,2052,1,92879,0,0,101687,-424734,37652,52693,0,0,70752,13880715,25646906,39527621,0,39527621,1,0%
55,2052,2,92879,0,0,306797,-148674,37652,41578,0,0,286978,14167693,25531700,39699393,0,39699393,1,0%
55,2052,3,92879,0,0,18657,1009782,37652,28995,0,0,11421,14179114,26574950,40754064,0,40754064,1,0%
55,2052,4,92879,0,0,18969,43803,37652,48985,0,0,-8257,14170857,26652222,40823079,0,40823079,1,0%
55,2052,5,92879,0,0,346669,614097,105300,37240,0,0,263540,14434398,27299786,41734184,0,41734184,1,0%
55,2052,6,92879,0,0,18260,880449,37652,40325,0,0,-306,14434092,28213703,42647795,0,42647795,1,0%
55,2052,7,92879,0,0,54631,1172188,37652,43939,0,0,32451,14466543,29419359,43885903,0,43885903,1,0%
55,2052,8,92879,0,0,323268,297266,37652,44448,0,0,300579,14767123,29750093,44517216,0,44517216,1,0%
55,2052,9,92879,0,0,15704,1147338,37652,43185,0,0,-5722,14761401,30930899,45692299,0,45692299,1,0%
55,2052,10,92879,0,0,16596,1846509,37652,37945,0,0,410,14761811,32810875,47572686,0,47572686,1,0%
55,2052,11,92879,0,0,358497,3632479,37652,35480,0,0,344776,15106587,36476822,51583409,0,51583409,1,0%
55,2052,12,92879,232197,50720,16660,-233896,37652,49491,0,0,271845,15378432,36276393,51654825,0,51654825,1,0%
56,2053,1,95215,0,0,157903,-238683,38405,40552,0,0,140024,15518456,36071847,51590303,0,51590303,1,0%
56,2053,2,95215,0,0,417470,-1744263,38405,49469,0,0,390673,15909129,34361721,50270850,0,50270850,1,0%
56,2053,3,95215,0,0,19876,-3644,38405,44009,0,0,-1460,15907669,34392214,50299883,0,50299883,1,0%
56,2053,4,95215,0,0,19762,2002237,38405,33606,0,0,8828,15916497,36428588,52345085,0,52345085,1,0%
56,2053,5,95215,0,0,481630,-890797,107954,47119,0,0,387635,16304132,35571928,51876060,0,51876060,1,0%
56,2053,6,95215,0,0,19679,1466321,38405,42083,0,0,269,16304401,37072385,53376786,0,53376786,1,0%
56,2053,7,95215,0,0,75938,-1093626,38405,44345,0,0,54266,16358667,36012896,52371564,0,52371564,1,0%
56,2053,8,95215,0,0,433985,-1433023,38405,44886,0,0,411772,16770440,34614011,51384450,0,51384450,1,0%
56,2053,9,95215,0,0,18331,2508396,38405,45731,0,0,-4727,16765713,37156544,53922257,0,53922257,1,0%
56,2053,10,95215,0,0,18838,-512200,38405,43887,0,0,-2376,16763336,36678481,53441818,0,53441818,1,0%
56,2053,11,95215,0,0,498536,2308636,38405,38012,0,0,483197,17246533,39021254,56267787,0,56267787,1,0%
56,2053,12,95215,238037,50720,17954,1538872,38405,39202,0,0,290182,17536715,40594263,58130979,0,58130979,1,0%
57,2054,1,97674,0,0,110571,1034765,39174,51533,0,0,82718,17619433,41663848,59283281,0,59283281,1,0%
57,2054,2,97674,0,0,574609,-144735,39174,47421,0,0,550868,18170301,41553933,59724234,0,59724234,1,0%
57,2054,3,97674,0,0,21141,-763636,39174,42856,0,0,1965,18172266,40825118,58997383,0,58997383,1,0%
57,2054,4,97674,0,0,21064,1960140,39174,45318,0,0,-574,18171692,42820078,60991769,0,60991769,1,0%
57,2054,5,97674,0,0,646705,1055663,112788,37062,0,0,559709,18731401,43910560,62641961,0,62641961,1,0%
57,2054,6,97674,0,0,20875,-1105094,39174,48459,0,0,-3905,18727496,42840286,61567782,0,61567782,1,0%
57,2054,7,97674,0,0,61001,1261424,39174,45993,0,0,38688,18766185,44136530,62902714,0,62902714,1,0%
57,2054,8,97674,0,0,574081,-1277747,39174,48312,0,0,549450,19315634,42893603,62209237,0,62209237,1,0%
57,2054,9,97674,0,0,18994,757224,39174,44425,0,0,-1751,19313884,43685647,62999531,0,62999531,1,0%
57,2054,10,97674,0,0,19975,1424581,39174,37530,0,0,6125,19320008,45145048,64465056,0,64465056,1,0%
57,2054,11,97674,0,0,562940,-95738,39174,44708,0,0,541911,19861919,45084130,64946050,0,64946050,1,0%
57,2054,12,97674,244185,50720,20450,-2258019,39174,36668,0,0,302368,20164287,42860932,63025219,0,63025219,1,0%
58,2055,1,99991,0,0,134997,-718486,39957,40354,0,0,119159,20283447,42177963,62461409,0,62461409,1,0%
58,2055,2,99991,0,0,539605,2583958,39957,48055,0,0,516067,20799513,44797437,65596951,0,65596951,1,0%
58,2055,3,99991,0,0,24398,-230468,39957,36873,0,0,12042,20811555,44602486,65414041,0,65414041,1,0%
58,2055,4,99991,0,0,24024,-213339,39957,56140,0,0,-7599,20803956,44424664,65228620,0,65228620,1,0%
58,2055,5,99991,0,0,645395,1159925,117850,47230,0,0,544789,21348744,45620106,66968850,0,66968850,1,0%
58,2055,6,99991,0,0,24449,-1232079,39957,49363,0,0,-397,21348347,44423544,65771891,0,65771891,1,0%
58,2055,7,99991,0,0,72937,1421670,39957,54766,0,0,42688,21391035,45880732,67271766,0,67271766,1,0%
58,2055,8,99991,0,0,556591,1980528,39957,48792,0,0,532316,21923351,47896776,69820127,0,69820127,1,0%
58,2055,9,99991,0,0,21603,3238011,39957,44577,0,0,1543,21924894,51170304,73095198,0,73095198,1,0%
58,2055,10,99991,0,0,21254,-1056688,39957,52591,0,0,-6820,21918073,50149133,72067206,0,72067206,1,0%
58,2055,11,99991,0,0,590482,-105456,39957,41827,0,0,573172,22491245,50079194,72570439,0,72570439,1,0%
58,2055,12,99991,249977,50720,22008,-898985,39957,43576,0,0,303645,22794891,49215726,72010617,0,72010617,1,0%
59,2056,1,102340,0,0,192364,2251297,40755,38955,0,0,178767,22973657,51503250,74476907,0,74476907,1,0%
59,2056,2,102340,0,0,630248,499112,40755,61286,0,0,594320,23567978,52038589,75606567,0,75606567,1,0%
59,2056,3,102340,0,0,25476,391937,40755,54115,0,0,-3281,23564697,52466754,76031450,0,76031450,1,0%
59,2056,4,102340,0,0,26420,7257,40755,37282,0,0,14495,23579192,52510238,76089429,0,76089429,1,0%
59,2056,5,102340,0,0,767895,1512327,122679,47655,0,0,663673,24242865,54058792,78301657,0,78301657,1,0%
59,2056,6,102340,0,0,27725,-3453689,40755,43726,0,0,9356,24252222,50641330,74893551,0,74893551,1,0%
59,2056,7,102340,0,0,77523,830239,40755,44144,0,0,58737,24310958,51507796,75818754,0,75818754,1,0%
59,2056,8,102340,0,0,625878,-1800579,40755,41198,0,0,610037,24920995,49743445,74664440,0,74664440,1,0%
59,2056,9,102340,0,0,23945,-2499985,40755,38797,0,0,10505,24931501,47279687,72211187,0,72211187,1,0%
59,2056,10,102340,0,0,23617,-2151033,40755,42317,0,0,6657,24938158,45164881,70103039,0,70103039,1,0%
59,2056,11,102340,0,0,611759,891119,40755,33415,0,0,603702,25541860,46092227,71634087,0,71634087,1,0%
59,2056,12,102340,255849,50720,24122,-413443,40755,39463,0,0,316586,25858446,45715010,71573456,0,71573456,1,0%
60,2057,1,103770,0,0,128430,126182,41571,41591,0,0,112087,25970533,45878144,71848677,0,71848677,1,0%
60,2057,2,103770,0,0,632142,1888959,41571,37381,0,0,620008,26590541,47804055,74394596,0,74394596,1,0%
60,2057,3,103770,0,0,27778,-843340,41571,50805,0,0,2220,26592760,46997667,73590427,0,73590427,1,0%
60,2057,4,103770,0,0,27277,-3798950,41571,62966,0,0,-10442,26582319,43235669,69817988,0,69817988,1,0%
60,2057,5,103770,0,0,650643,1102255,127582,41936,0,0,547944,27130263,44374876,71505139,0,71505139,1,0%
60,2057,6,103770,0,0,27469,-2912021,41571,50180,0,0,2537,27132799,41499807,68632606,0,68632606,1,0%
60,2057,7,103770,0,0,63747,1991499,41571,34959,0,0,54035,27186835,43528258,70715092,0,70715092,1,0%
60,2057,8,103770,0,0,535860,-1743345,41571,43420,0,0,517688,27704522,41821864,69526387,0,69526387,1,0%
60,2057,9,103770,0,0,24252,-1145234,41571,31237,0,0,18262,27722785,40713582,68436367,0,68436367,1,0%
60,2057,10,103770,0,0,24552,83262,41571,39801,0,0,9999,27732783,40833796,68566580,0,68566580,1,0%
60,2057,11,103770,0,0,503450,285455,41571,50560,0,0,478138,28210921,41156203,69367124,0,69367124,1,0%
60,2057,12,103770,259426,50720,24730,-2128526,41571,40992,0,0,319131,28530052,39064629,67594681,0,67594681,1,0%
61,2058,1,106161,0,0,137818,367278,42402,45956,0,0,117930,28647982,39469598,68117580,0,68117580,1,0%
61,2058,2,106161,0,0,492444,10777,42402,54509,0,0,464003,29111985,39518066,68630051,0,68630051,1,0%
61,2058,3,106161,0,0,27878,-1376339,42402,39021,0,0,14924,29126909,38179418,67306327,0,67306327,1,0%
61,2058,4,106161,0,0,27678,-1064825,42402,55407,0,0,-1661,29125248,37152284,66277531,0,66277531,1,0%
61,2058,5,106161,0,0,501168,1500698,130903,63406,0,0,375328,29500576,38690673,68191248,0,68191248,1,0%
61,2058,6,106161,0,0,28757,517644,42402,45053,0,0,9771,29510347,39246007,68756354,0,68756354,1,0%
61,2058,7,106161,0,0,80177,-1782365,42402,50129,0,0,56116,29566463,37501333,67067796,0,67067796,1,0%
61,2058,8,106161,0,0,425457,-1829704,42402,43071,0,0,408453,29974916,35709320,65684236,0,65684236,1,0%
61,2058,9,106161,0,0,24955,502607,42402,45621,0,0,5401,29980317,36249618,66229935,0,66229935,1,0%
61,2058,10,106161,0,0,25414,125344,42402,52735,0,0,-1254,29979064,36412652,66391716,0,66391716,1,0%
61,2058,11,106161,0,0,381618,-688835,42402,52262,0,0,355423,30334487,35761508,66095995,0,66095995,1,0%
61,2058,12,106161,265402,50720,25303,-1112007,42402,43736,0,0,323756,30658243,34687192,65345435,0,65345435,1,0%
62,2059,1,109717,0,0,122036,321104,43250,42254,0,0,107804,30766048,35046740,65812788,0,65812788,1,0%
62,2059,2,109717,0,0,451541,84684,43250,60231,0,0,419332,31185380,35169869,66355249,0,66355249,1,0%
62,2059,3,109717,0,0,29756,-2460325,43250,43625,0,0,14154,31199534,32747988,63947522,0,63947522,1,0%
62,2059,4,109717,0,0,29219,-672620,43250,42412,0,0,14830,31214364,32113812,63328176,0,63328176,1,0%
62,2059,5,109717,0,0,456769,926058,135910,48296,0,0,343835,31558199,33078314,64636513,0,64636513,1,0%
62,2059,6,109717,0,0,28738,1312252,43250,53347,0,0,3414,31561614,34429010,65990623,0,65990623,1,0%
62,2059,7,109717,0,0,53998,1389636,43250,32901,0,0,49120,31610733,35857089,67467822,0,67467822,1,0%
62,2059,8,109717,0,0,480913,-748592,43250,55307,0,0,453629,32064362,35146941,67211303,0,67211303,1,0%
62,2059,9,109717,0,0,24376,-683464,43250,49110,0,0,3288,32067650,34501921,66569572,0,66569572,1,0%
62,2059,10,109717,0,0,24025,467446,43250,48942,0,0,3106,32070756,35007811,67078568,0,67078568,1,0%
62,2059,11,109717,0,0,467870,1860214,43250,36558,0,0,459335,32530092,36906469,69436561,0,69436561,1,0%
62,2059,12,109717,274292,50720,24113,898300,43250,46590,0,0,330558,32860650,37843213,70703863,0,70703863,1,0%
63,2060,1,111451,0,0,99312,-803201,44115,51811,0,0,75624,32936274,37079225,70015499,0,70015499,1,0%
63,2060,2,111451,0,0,503875,-1289915,44115,45187,0,0,486810,33423084,35828523,69251607,0,69251607,1,0%
63,2060,3,111451,0,0,29538,70746,44115,44656,0,0,13005,33436089,35938482,69374571,0,69374571,1,0%
63,2060,4,111451,0,0,29228,-289363,44115,57181,0,0,170,33436259,35688332,69124591,0,69124591,1,0%
63,2060,5,111451,0,0,549850,2394098,142963,44105,0,0,435020,33871279,38121643,71992921,0,71992921,1,0%
63,2060,6,111451,0,0,28981,1454508,44115,39427,0,0,17677,33888956,39615364,73504320,0,73504320,1,0%
63,2060,7,111451,0,0,53335,1234103,44115,56670,0,0,24788,33913744,40888680,74802424,0,74802424,1,0%
63,2060,8,111451,0,0,561128,1046224,44115,46814,0,0,542437,34456181,41974117,76430298,0,76430298,1,0%
63,2060,9,111451,0,0,24176,-1059222,44115,39434,0,0,12865,34469046,40954108,75423154,0,75423154,1,0%
63,2060,10,111451,0,0,24430,-938881,44115,51591,0,0,961,34470007,40054441,74524448,0,74524448,1,0%
63,2060,11,111451,0,0,527008,662322,44115,36693,0,0,518438,34988445,40755976,75744421,0,75744421,1,0%
63,2060,12,111451,278627,50720,24483,624767,44115,50835,0,0,331117,35319563,41419955,76739518,0,76739518,1,0%
64,2061,1,113611,0,0,115186,-598183,44999,56387,0,0,87413,35406975,40861769,76268745,0,76268745,1,0%
64,2061,2,113611,0,0,569627,-1405597,44999,44740,0,0,553502,35960477,39496169,75456646,0,75456646,1,0%
64,2061,3,113611,0,0,29729,1877980,44999,48455,0,0,9888,35970365,41414146,77384511,0,77384511,1,0%
64,2061,4,113611,0,0,29127,901971,44999,59942,0,0,-2201,35968164,42356114,78324279,0,78324279,1,0%
64,2061,5,113611,0,0,658918,-2650380,146863,34296,0,0,551372,36519537,39745732,76265268,0,76265268,1,0%
64,2061,6,113611,0,0,27746,1071906,44999,53221,0,0,3140,36522677,40857634,77380311,0,77380311,1,0%
64,2061,7,113611,0,0,59885,1699669,44999,44356,0,0,44144,36566820,42597301,79164121,0,79164121,1,0%
64,2061,8,113611,0,0,549318,-559275,44999,72964,0,0,504969,37071789,42078022,79149811,0,79149811,1,0%
64,2061,9,113611,0,0,22736,628131,44999,57375,0,0,-6024,37065765,42746150,79811915,0,79811915,1,0%
64,2061,10,113611,0,0,23058,853634,44999,51123,0,0,549,37066314,43639781,80706095,0,80706095,1,0%
64,2061,11,113611,0,0,575166,-762772,44999,34205,0,0,569575,37635889,42917005,80552894,0,80552894,1,0%
64,2061,12,113611,284027,50720,23074,765961,44999,51177,0,0,335258,37971147,43722964,81694111,0,81694111,1,0%
65,2062,1,0,0,0,130561,-231255,45898,57466,0,0,-13600,37957547,43532505,81490052,0,81490052,1,0%
65,2062,2,0,0,0,582122,322193,45898,68928,0,0,426499,38384046,43895496,82279542,0,82279542,1,0%
65,2062,3,0,0,0,24903,665245,45898,59844,0,0,-121636,38262410,44601538,82863948,0,82863948,1,0%
65,2062,4,0,0,0,25606,-257713,45898,44605,0,0,-105694,38156716,44384622,82541338,0,82541338,1,0%
65,2062,5,0,0,0,661030,-172879,151521,40068,0,0,428644,38585360,44252540,82837900,0,82837900,1,0%
65,2062,6,0,0,0,25427,871029,45898,49634,0,0,-110902,38474458,45164365,83638823,0,83638823,1,0%
65,2062,7,0,0,0,68296,-518804,45898,62141,0,0,-80540,38393918,44686358,83080276,0,83080276,1,0%
65,2062,8,0,0,0,561747,-479279,45898,32442,0,0,442611,38836528,44247876,83084405,0,83084405,1,0%
65,2062,9,0,0,0,23287,415011,45898,38608,0,0,-102016,38734513,44703684,83438197,0,83438197,1,0%
65,2062,10,0,0,0,23760,-1105702,45898,53462,0,0,-116397,38618115,43638779,82256895,0,82256895,1,0%
65,2062,11,0,0,0,533201,-267230,45898,57517,0,0,388989,39007104,43412346,82419450,0,82419450,1,0%
65,2062,12,0,0,50720,23456,-333539,45898,49106,0,0,-61625,38945479,43119604,82065083,0,82065083,1,0%
66,2063,1,0,0,0,144013,110834,46816,57340,0,0,-1757,38943723,43272050,82215773,0,82215773,1,0%
66,2063,2,0,0,0,560076,-570607,46816,47027,0,0,424620,39368343,42743056,82111399,0,82111399,1,0%
66,2063,3,0,0,0,27317,-21064,46816,42665,0,0,-103777,39264566,42763605,82028171,0,82028171,1,0%
66,2063,4,0,0,0,27561,873191,46816,49588,0,0,-110457,39154110,43678409,82832519,0,82832519,1,0%
66,2063,5,0,0,0,626116,230951,46816,45676,0,0,492010,39646120,43950973,83597093,0,83597093,1,0%
66,2063,6,0,0,0,28683,619198,46816,57360,0,0,-117106,39529014,44611784,84140798,0,84140798,1,0%
66,2063,7,0,0,0,73641,-161402,46816,53976,0,0,-68764,39460250,44491994,83952244,0,83952244,1,0%
66,2063,8,0,0,0,544605,1032738,46816,33659,0,0,422518,39882768,45566345,85449113,0,85449113,1,0%
66,2063,9,0,0,0,25411,157229,46816,51268,0,0,-114285,39768482,45765187,85533669,0,85533669,1,0%
66,2063,10,0,0,0,25319,260628,46816,58953,0,0,-122063,39646420,46067428,85713847,0,85713847,1,0%
66,2063,11,0,0,0,568539,-542908,46816,55245,0,0,424865,40071285,45566133,85637417,0,85637417,1,0%
66,2063,12,0,0,50720,25311,316662,46816,41417,0,0,-53814,40017470,45924408,85941878,0,85941878,1,0%
67,2064,1,0,0,0,158045,954252,47752,46659,0,0,21188,40038659,46921105,86959764,0,86959764,1,0%
67,2064,2,0,0,0,594442,679759,47752,71112,0,0,433132,40471791,47643309,88115100,0,88115100,1,0%
67,2064,3,0,0,0,30021,314623,47752,57875,0,0,-118051,40353740,48000377,88354117,0,88354117,1,0%
67,2064,4,0,0,0,30876,185962,47752,66005,0,0,-125326,40228413,48228784,88457197,0,88457197,1,0%
67,2064,5,0,0,0,689573,-91191,47752,39075,0,0,560301,40788714,48180038,88968752,0,88968752,1,0%
67,2064,6,0,0,0,30101,418568,47752,55615,0,0,-115711,40673003,48641051,89314054,0,89314054,1,0%
67,2064,7,0,0,0,79311,193196,47752,54872,0,0,-65758,40607245,48876692,89483937,0,89483937,1,0%
67,2064,8,0,0,0,601574,427018,47752,52424,0,0,458953,41066198,49346154,90412352,0,90412352,1,0%
67,2064,9,0,0,0,25819,-403270,47752,53648,0,0,-118025,40948172,48985329,89933501,0,89933501,1,0%
67,2064,10,0,0,0,26910,64820,47752,64552,0,0,-127839,40820333,49092594,89912927,0,89912927,1,0%
67,2064,11,0,0,0,597200,731628,47752,60653,0,0,446350,41266683,49866667,91133350,0,91133350,1,0%
67,2064,12,0,0,50720,28445,477864,47752,59170,0,0,-70202,41196481,50386976,91583457,0,91583457,1,0%
68,2065,1,0,0,0,174234,197348,48706,48911,0,0,33322,41229803,50627619,91857421,0,91857421,1,0%
68,2065,2,0,0,0,641752,-52627,48706,57283,0,0,492468,41722270,50618286,92340557,0,92340557,1,0%
68,2065,3,0,0,0,32983,542370,48706,48554,0,0,-107572,41614698,51203952,92818650,0,92818650,1,0%
68,2065,4,0,0,0,32906,59705,48706,51258,0,0,-110353,41504345,51306952,92811297,0,92811297,1,0%
68,2065,5,0,0,0,730352,-1248417,48706,35965,0,0,602387,42106732,50101830,92208561,0,92208561,1,0%
68,2065,6,0,0,0,32265,486700,48706,48544,0,0,-108280,41998452,50631824,92630276,0,92630276,1,0%
68,2065,7,0,0,0,87037,426136,48706,59218,0,0,-64182,41934270,51101255,93035524,0,93035524,1,0%
68,2065,8,0,0,0,613297,564686,48706,50363,0,0,470933,42405203,51709236,94114439,0,94114439,1,0%
68,2065,9,0,0,0,29666,-295728,48706,56154,0,0,-118488,42286715,51456803,93743517,0,93743517,1,0%
68,2065,10,0,0,0,29593,-472141,48706,42952,0,0,-105361,42181354,51027957,93209310,0,93209310,1,0%
68,2065,11,0,0,0,596348,517323,48706,63974,0,0,440373,42621727,51588574,94210301,0,94210301,1,0%
68,2065,12,0,0,50720,29057,-513212,48706,43933,0,0,-56157,42565569,51118657,93684226,0,93684226,1,0%
69,2066,1,0,0,0,193197,-308727,49680,40860,0,0,58496,42624065,50854091,93478156,0,93478156,1,0%
69,2066,2,0,0,0,618057,710774,49680,54939,0,0,469277,43093342,51609026,94702368,0,94702368,1,0%
69,2066,3,0,0,0,32359,-1666204,49680,60400,0,0,-121882,42971461,49986983,92958444,0,92958444,1,0%
69,2066,4,0,0,0,32169,773715,49680,44752,0,0,-106424,42865037,50804859,93669896,0,93669896,1,0%
69,2066,5,0,0,0,673648,-120663,49680,53488,0,0,526319,43391356,50728358,94119714,0,94119714,1,0%
69,2066,6,0,0,0,31978,-419116,49680,69962,0,0,-131826,43259530,50353403,93612933,0,93612933,1,0%
69,2066,7,0,0,0,93541,-26333,49680,43934,0,0,-44234,43215296,50371231,93586527,0,93586527,1,0%
69,2066,8,0,0,0,580839,-241750,49680,49457,0,0,437541,43652837,50173642,93826480,0,93826480,1,0%
69,2066,9,0,0,0,27758,145885,49680,46916,0,0,-112998,43539839,50363689,93903528,0,93903528,1,0%
69,2066,10,0,0,0,28624,-497102,49680,39057,0,0,-104274,43435566,49910747,93346313,0,93346313,1,0%
69,2066,11,0,0,0,569932,-543718,49680,64247,0,0,411844,43847409,49411190,93258600,0,93258600,1,0%
69,2066,12,0,0,50720,28855,394202,49680,47033,0,0,-61299,43786111,49849553,93635664,0,93635664,1,0%
70,2067,1,0,0,0,198372,-520405,50675,66712,0,0,35941,43822051,49374192,93196244,0,93196244,1,0%
70,2067,2,0,0,0,585860,-613764,50675,47857,0,0,442284,44264335,48805472,93069807,0,93069807,1,0%
70,2067,3,0,0,0,32184,1581547,50675,51904,0,0,-115439,44148896,50432063,94580959,0,94580959,1,0%
70,2067,4,0,0,0,31779,501503,50675,53941,0,0,-117880,44031015,50978610,95009626,0,95009626,1,0%
70,2067,5,0,0,0,676650,-1253556,50675,62753,0,0,518178,44549194,49770099,94319292,0,94319292,1,0%
70,2067,6,0,0,0,32475,370614,50675,37985,0,0,-101229,44447965,50185756,94633721,0,94633721,1,0%
70,2067,7,0,0,0,96001,1329774,50675,51082,0,0,-50800,44397165,51560575,95957739,0,95957739,1,0%
70,2067,8,0,0,0,587588,197103,50675,49190,0,0,442678,44839843,51802722,96642565,0,96642565,1,0%
70,2067,9,0,0,0,29144,384763,50675,57543,0,0,-124118,44715726,52232529,96948255,0,96948255,1,0%
70,2067,10,0,0,0,28920,58876,50675,57543,0,0,-124342,44591384,52336449,96927833,0,96927833,1,0%
70,2067,11,0,0,0,589081,449926,50675,61211,0,0,432151,45023535,52831419,97854954,0,97854954,1,0%
70,2067,12,0,0,50720,27879,-118695,50675,55283,0,0,-72404,44951131,52757769,97708900,0,97708900,1,0%
71,2068,1,0,0,0,214149,1625906,51688,50319,0,0,66197,45017329,54429619,99446948,0,99446948,1,0%
71,2068,2,0,0,0,652664,-978409,51688,44147,0,0,510884,45528213,53497155,99025368,0,99025368,1,0%
71,2068,3,0,0,0,32513,-376012,51688,49124,0,0,-114244,45413968,53167088,98581056,0,98581056,1,0%
71,2068,4,0,0,0,33828,393701,51688,59839,0,0,-123644,45290325,53606734,98897058,0,98897058,1,0%
71,2068,5,0,0,0,720777,-293375,51688,43378,0,0,579767,45870091,53359304,99229395,0,99229395,1,0%
71,2068,6,0,0,0,34796,330979,51688,58931,0,0,-121768,45748323,53736228,99484551,0,99484551,1,0%
71,2068,7,0,0,0,97209,-197525,51688,49932,0,0,-50357,45697967,53584648,99282615,0,99282615,1,0%
71,2068,8,0,0,0,624363,55981,51688,61354,0,0,465377,46163343,53686574,99849917,0,99849917,1,0%
71,2068,9,0,0,0,30015,-1140745,51688,54151,0,0,-121769,46041575,52591773,98633348,0,98633348,1,0%
71,2068,10,0,0,0,29094,1113013,51688,53553,0,0,-122092,45919482,53750732,99670214,0,99670214,1,0%
71,2068,11,0,0,0,620784,-382335,51688,62101,0,0,461050,46380532,53414342,99794873,0,99794873,1,0%
71,2068,12,0,0,50720,28911,468778,51688,54140,0,0,-72142,46308390,53929065,100237455,0,100237455,1,0%
72,2069,1,0,0,0,210008,420304,52721,61184,0,0,49239,46357629,54396232,100753862,0,100753862,1,0%
72,2069,2,0,0,0,659986,988137,52721,60519,0,0,499881,46857511,55431233,102288744,0,102288744,1,0%
72,2069,3,0,0,0,34105,457157,52721,61174,0,0,-126654,46730856,55935255,102666111,0,102666111,1,0%
72,2069,4,0,0,0,34041,707873,52721,60527,0,0,-126072,46604785,56689992,103294777,0,103294777,1,0%
72,2069,5,0,0,0,780187,620080,52721,59662,0,0,620940,47225725,57356936,104582660,0,104582660,1,0%
72,2069,6,0,0,0,34166,499969,52721,61784,0,0,-127203,47098522,57903769,105002291,0,105002291,1,0%
72,2069,7,0,0,0,103027,111680,52721,57024,0,0,-53582,47044940,58062313,105107252,0,105107252,1,0%
72,2069,8,0,0,0,684665,-586477,52721,74556,0,0,510524,47555464,57522699,105078163,0,105078163,1,0%
72,2069,9,0,0,0,33247,1195170,52721,69280,0,0,-135618,47419846,58764733,106184579,0,106184579,1,0%
72,2069,10,0,0,0,32773,1221801,52721,56806,0,0,-123618,47296228,60033398,107329626,0,107329626,1,0%
72,2069,11,0,0,0,709254,-290501,52721,61283,0,0,548386,47844614,59789761,107634375,0,107634375,1,0%
72,2069,12,0,0,50720,32054,729545,52721,63305,0,0,-80116,47764498,60566170,108330668,0,108330668,1,0%
73,2070,1,0,0,0,221319,-155696,53776,45130,0,0,74612,47839111,60458275,108297386,0,108297386,1,0%
73,2070,2,0,0,0,756847,732078,53776,65537,0,0,589733,48428844,61238154,109666998,0,109666998,1,0%
73,2070,3,0,0,0,36110,-168299,53776,56492,0,0,-121959,48306885,61117656,109424541,0,109424541,1,0%
73,2070,4,0,0,0,36453,1394810,53776,58662,0,0,-123787,48183099,62560267,110743365,0,110743365,1,0%
73,2070,5,0,0,0,870095,-1197239,53776,56379,0,0,712139,48895238,61410829,110306067,0,110306067,1,0%
73,2070,6,0,0,0,36592,-770834,53776,53546,0,0,-118531,48776707,60687796,109464503,0,109464503,1,0%
73,2070,7,0,0,0,108315,135174,53776,77708,0,0,-70970,48705737,60870772,109576509,0,109576509,1,0%
73,2070,8,0,0,0,708124,732144,53776,48420,0,0,558127,49263864,61650717,110914581,0,110914581,1,0%
73,2070,9,0,0,0,32427,-1298633,53776,70157,0,0,-139307,49124557,60399885,109524442,0,109524442,1,0%
73,2070,10,0,0,0,31759,-642096,53776,70845,0,0,-140663,48983894,59805590,108789484,0,108789484,1,0%
73,2070,11,0,0,0,693013,-519919,53776,50780,0,0,540655,49524549,59333471,108858021,0,108858021,1,0%
73,2070,12,0,0,50720,31203,335702,53776,58951,0,0,-78604,49445945,59716975,109162920,0,109162920,1,0%
74,2071,1,0,0,0,236050,226088,54852,70018,0,0,62423,49508368,59991820,109500188,0,109500188,1,0%
74,2071,2,0,0,0,725387,39024,54852,78858,0,0,542920,50051288,60079601,110130889,0,110130889,1,0%
74,2071,3,0,0,0,35761,677356,54852,48062,0,0,-115910,49935378,60805714,110741092,0,110741092,1,0%
74,2071,4,0,0,0,35888,1232365,54852,60351,0,0,-128072,49807306,62086837,111894143,0,111894143,1,0%
74,2071,5,0,0,0,838288,-1023347,54852,55651,0,0,679028,50486334,61112246,111598580,0,111598580,1,0%
74,2071,6,0,0,0,36107,-272204,54852,53122,0,0,-120624,50365709,60888799,111254509,0,111254509,1,0%
74,2071,7,0,0,0,111880,-346932,54852,61716,0,0,-53445,50312264,60590624,110902888,0,110902888,1,0%
74,2071,8,0,0,0,692700,-357043,54852,64343,0,0,524748,50837012,60282338,111119350,0,111119350,1,0%
74,2071,9,0,0,0,32388,-454366,54852,53313,0,0,-124534,50712478,59876729,110589207,0,110589207,1,0%
74,2071,10,0,0,0,32368,289149,54852,71840,0,0,-143082,50569396,60214635,110784031,0,110784031,1,0%
74,2071,11,0,0,0,682204,875046,54852,60002,0,0,518593,51087989,61138438,112226427,0,112226427,1,0%
74,2071,12,0,0,50720,31686,560767,54852,69994,0,0,-91197,50996793,61747961,112744754,0,112744754,1,0%
75,2072,1,0,0,0,257102,-1006887,55950,75988,0,0,75432,51072225,60790807,111863032,0,111863032,1,0%
75,2072,2,0,0,0,713983,-428184,55950,56986,0,0,551315,51623540,60412355,112035894,0,112035894,1,0%
75,2072,3,0,0,0,34436,-532971,55950,60393,0,0,-131640,51491900,59929115,111421015,0,111421015,1,0%
75,2072,4,0,0,0,35478,792633,55950,55287,0,0,-125491,51366409,60771481,112137889,0,112137889,1,0%
75,2072,5,0,0,0,784732,1767531,55950,63134,0,0,615917,51982325,62588744,114571069,0,114571069,1,0%
75,2072,6,0,0,0,35475,19035,55950,50200,0,0,-120407,51861918,62657511,114519429,0,114519429,1,0%
75,2072,7,0,0,0,121474,322756,55950,51599,0,0,-35807,51826112,63029999,114856111,0,114856111,1,0%
75,2072,8,0,0,0,707886,91665,55950,53463,0,0,548741,52374853,63171396,115546248,0,115546248,1,0%
75,2072,9,0,0,0,32621,543979,55950,80485,0,0,-153546,52221307,63765107,115986414,0,115986414,1,0%
75,2072,10,0,0,0,32210,1046519,55950,69236,0,0,-142708,52078599,64861358,116939957,0,116939957,1,0%
75,2072,11,0,0,0,736371,-427145,55950,75752,0,0,554937,52633536,64483945,117117481,0,117117481,1,0%
75,2072,12,0,0,50720,32660,594743,55950,52640,0,0,-74942,52558593,65128421,117687014,0,117687014,1,0%
76,2073,1,0,0,0,271544,390522,57068,55239,0,0,108511,52667104,65569670,118236774,0,118236774,1,0%
76,2073,2,0,0,0,776758,226583,57068,77157,0,0,591806,53258910,65846980,119105890,0,119105890,1,0%
76,2073,3,0,0,0,36514,417,57068,67040,0,0,-138321,53120590,65898124,119018714,0,119018714,1,0%
76,2073,4,0,0,0,35980,657697,57068,78875,0,0,-150690,52969900,66606548,119576448,0,119576448,1,0%
76,2073,5,0,0,0,891554,1262463,57068,57883,0,0,725876,53695776,67919738,121615514,0,121615514,1,0%
76,2073,6,0,0,0,35680,1460256,57068,59748,0,0,-131863,53563913,69430721,122994634,0,122994634,1,0%
76,2073,7,0,0,0,127233,737457,57068,66847,0,0,-47409,53516503,70218905,123735408,0,123735408,1,0%
76,2073,8,0,0,0,798734,1843495,57068,80578,0,0,610361,54126865,72113127,126239992,0,126239992,1,0%
76,2073,9,0,0,0,31652,973472,57068,54076,0,0,-130219,53996646,73137327,127133973,0,127133973,1,0%
76,2073,10,0,0,0,32293,-439838,57068,73467,0,0,-148969,53847677,72748216,126595893,0,126595893,1,0%
76,2073,11,0,0,0,835548,833060,57068,61008,0,0,666745,54514422,73632003,128146425,0,128146425,1,0%
76,2073,12,0,0,50720,31638,698977,57068,51421,0,0,-76858,54437564,74381708,128819271,0,128819271,1,0%
77,2074,1,0,0,0,305830,925897,58209,48674,0,0,147207,54584771,75359345,129944116,0,129944116,1,0%
77,2074,2,0,0,0,905129,441677,58209,51300,0,0,743878,55328649,75852763,131181412,0,131181412,1,0%
77,2074,3,0,0,0,37725,748463,58209,55396,0,0,-127621,55201028,76652967,131853995,0,131853995,1,0%
77,2074,4,0,0,0,39618,2324566,58209,57465,0,0,-127797,55073231,79029274,134102505,0,134102505,1,0%
77,2074,5,0,0,0,1074368,-878618,58209,57315,0,0,907102,55980333,78202398,134182731,0,134182731,1,0%
77,2074,6,0,0,0,41394,625458,58209,43454,0,0,-112009,55868324,78879596,134747920,0,134747920,1,0%
77,2074,7,0,0,0,145816,-480225,58209,59049,0,0,-23183,55845141,78451112,134296253,0,134296253,1,0%
77,2074,8,0,0,0,883946,197063,58209,54095,0,0,719902,56565042,78699917,135264959,0,135264959,1,0%
77,2074,9,0,0,0,37155,1338898,58209,49026,0,0,-121821,56443222,80090556,136533777,0,136533777,1,0%
77,2074,10,0,0,0,37855,745334,58209,62228,0,0,-134324,56308898,80887630,137196528,0,137196528,1,0%
77,2074,11,0,0,0,913855,1062271,58209,72035,0,0,731870,57040768,82001643,139042410,0,139042410,1,0%
77,2074,12,0,0,50720,40551,-1089320,58209,68890,0,0,-87569,56953199,80964064,137917263,0,137917263,1,0%
78,2075,1,0,0,0,333344,156730,59374,64874,0,0,156320,57109519,81173570,138283089,0,138283089,1,0%
78,2075,2,0,0,0,971629,210354,59374,68158,0,0,791321,57900840,81436700,139337540,0,139337540,1,0%
78,2075,3,0,0,0,44677,838777,59374,43556,0,0,-111029,57789811,82328253,140118065,0,140118065,1,0%
78,2075,4,0,0,0,45536,1141534,59374,69693,0,0,-136307,57653504,83522564,141176068,0,141176068,1,0%
78,2075,5,0,0,0,1133772,-493996,59374,59003,0,0,962619,58616123,83081343,141697467,0,141697467,1,0%
78,2075,6,0,0,0,45582,1668665,59374,61098,0,0,-127666,58488458,84802784,143291242,0,143291242,1,0%
78,2075,7,0,0,0,150471,26525,59374,58970,0,0,-20649,58467809,84882085,143349894,0,143349894,1,0%
78,2075,8,0,0,0,1000432,357671,59374,68398,0,0,819885,59287694,85292532,144580226,0,144580226,1,0%
78,2075,9,0,0,0,40002,738793,59374,79826,0,0,-151975,59135719,86084101,145219820,0,145219820,1,0%
78,2075,10,0,0,0,40202,-940732,59374,50952,0,0,-122901,59012818,85196144,144208963,0,144208963,1,0%
78,2075,11,0,0,0,1016086,-1539894,59374,36272,0,0,867664,59880482,83709026,143589509,0,143589509,1,0%
78,2075,12,0,0,50720,40668,747670,59374,51540,0,0,-72302,59808180,84509473,144317653,0,144317653,1,0%
79,2076,1,0,0,0,305792,866388,60561,69702,0,0,121698,59929878,85429693,145359571,0,145359571,1,0%
79,2076,2,0,0,0,1081003,404961,60561,74042,0,0,892568,60822446,85888486,146710932,0,146710932,1,0%
79,2076,3,0,0,0,46491,423248,60561,63466,0,0,-131367,60691079,86365566,147056645,0,147056645,1,0%
79,2076,4,0,0,0,47440,2470070,60561,76493,0,0,-143446,60547633,88889469,149437102,0,149437102,1,0%
79,2076,5,0,0,0,1253209,974748,60561,70116,0,0,1068699,61616332,89918049,151534382,0,151534382,1,0%
79,2076,6,0,0,0,49332,816072,60561,53864,0,0,-118925,61497408,90787954,152285361,0,152285361,1,0%
79,2076,7,0,0,0,149046,1262486,60561,62465,0,0,-27813,61469595,92104271,153573866,0,153573866,1,0%
79,2076,8,0,0,0,1121407,717825,60561,75475,0,0,931539,62401134,92875929,155277063,0,155277063,1,0%
79,2076,9,0,0,0,42104,237926,60561,79780,0,0,-152069,62249066,93167686,155416752,0,155416752,1,0%
79,2076,10,0,0,0,41229,-129897,60561,60757,0,0,-133922,62115144,93091622,155206766,0,155206766,1,0%
79,2076,11,0,0,0,1134864,-880597,60561,54568,0,0,965903,63081047,92264857,155345904,0,155345904,1,0%
79,2076,12,0,0,50720,41249,-203800,60561,66666,0,0,-89090,62991957,92114889,155106846,0,155106846,1,0%
80,2077,1,0,0,0,335051,2161751,61772,64883,0,0,153488,63145445,94331548,157476993,0,157476993,1,0%
80,2077,2,0,0,0,1185593,340743,61772,56411,0,0,1012502,64157947,94727199,158885146,0,158885146,1,0%
80,2077,3,0,0,0,49118,1032701,61772,84702,0,0,-152264,64005684,95814808,159820491,0,159820491,1,0%
80,2077,4,0,0,0,49554,-992958,61772,61116,0,0,-128241,63877442,94876758,158754200,0,158754200,1,0%
80,2077,5,0,0,0,1307232,260615,61772,78056,0,0,1112495,64989937,95192281,160182218,0,160182218,1,0%
80,2077,6,0,0,0,50562,-252379,61772,54291,0,0,-120408,64869529,94994809,159864339,0,159864339,1,0%
80,2077,7,0,0,0,165797,81415,61772,75035,0,0,-25918,64843611,95131132,159974743,0,159974743,1,0%
80,2077,8,0,0,0,1111178,104012,61772,56567,0,0,937931,65781542,95290052,161071594,0,161071594,1,0%
80,2077,9,0,0,0,44997,1349908,61772,85596,0,0,-157279,65624263,96694868,162319131,0,162319131,1,0%
80,2077,10,0,0,0,46949,1926021,61772,79886,0,0,-149617,65474646,98675797,164150443,0,164150443,1,0%
80,2077,11,0,0,0,1159438,-1129037,61772,51667,0,0,991091,66465737,97601668,164067405,0,164067405,1,0%
80,2077,12,0,0,50720,47040,1493195,61772,76232,0,0,-95152,66370585,99149771,165520356,0,165520356,1,0%
81,2078,1,0,0,0,375246,-206270,63007,52640,0,0,203593,66574177,98999509,165573686,0,165573686,1,0%
81,2078,2,0,0,0,1216464,-692721,63007,71634,0,0,1025815,67599993,98362794,165962787,0,165962787,1,0%
81,2078,3,0,0,0,54609,429780,63007,79211,0,0,-143616,67456377,98848581,166304958,0,166304958,1,0%
81,2078,4,0,0,0,54979,-973046,63007,71794,0,0,-135829,67320548,97931542,165252090,0,165252090,1,0%
81,2078,5,0,0,0,1322813,1372897,63007,66749,0,0,1137050,68457598,99360446,167818044,0,167818044,1,0%
81,2078,6,0,0,0,56064,861686,63007,86661,0,0,-149611,68307988,100278139,168586126,0,168586126,1,0%
81,2078,7,0,0,0,177447,-1765685,63007,44275,0,0,14158,68322146,98568460,166890606,0,166890606,1,0%
81,2078,8,0,0,0,1152670,-680960,63007,76848,0,0,956808,69278953,97943507,167222461,0,167222461,1,0%
81,2078,9,0,0,0,49138,568690,63007,61157,0,0,-131033,69147921,98568204,167716125,0,167716125,1,0%
81,2078,10,0,0,0,49283,-180783,63007,84777,0,0,-154508,68993413,98443429,167436841,0,167436841,1,0%
81,2078,11,0,0,0,1118956,314725,63007,62693,0,0,937249,69930662,98814161,168744823,0,168744823,1,0%
81,2078,12,0,0,50720,49263,1758755,63007,63934,0,0,-82965,69847697,100628923,170476621,0,170476621,1,0%
82,2079,1,0,0,0,405398,1149355,64268,71502,0,0,212501,70060198,101835406,171895604,0,171895604,1,0%
82,2079,2,0,0,0,1228592,484821,64268,58239,0,0,1048958,71109156,102377354,173486510,0,173486510,1,0%
82,2079,3,0,0,0,54689,-1732356,64268,66723,0,0,-133430,70975727,100702124,171677851,0,171677851,1,0%
82,2079,4,0,0,0,54613,641152,64268,52800,0,0,-119582,70856145,101400404,172256548,0,172256548,1,0%
82,2079,5,0,0,0,1354112,517610,64268,76977,0,0,1155740,72011885,101975141,173987026,0,173987026,1,0%
82,2079,6,0,0,0,52334,-317695,64268,48989,0,0,-118050,71893835,101714573,173608407,0,173608407,1,0%
82,2079,7,0,0,0,187491,2001145,64268,75947,0,0,-9851,71883984,103772845,175656828,0,175656828,1,0%
82,2079,8,0,0,0,1184412,1355659,64268,62033,0,0,1000984,72884967,105185631,178070598,0,178070598,1,0%
82,2079,9,0,0,0,46450,175151,64268,87659,0,0,-162604,72722363,105417909,178140272,0,178140272,1,0%
82,2079,10,0,0,0,46639,2122838,64268,59137,0,0,-133893,72588470,107597874,180186344,0,180186344,1,0%
82,2079,11,0,0,0,1234354,-1635702,64268,63959,0,0,1049001,73637471,106019299,179656770,0,179656770,1,0%
82,2079,12,0,0,50720,45071,-540302,64268,58648,0,0,-84252,73553219,105536123,179089343,0,179089343,1,0%
83,2080,1,0,0,0,445485,348238,65553,75670,0,0,245993,73799212,105942631,179741843,0,179741843,1,0%
83,2080,2,0,0,0,1248732,774880,65553,54233,0,0,1070677,74869889,106775780,181645669,0,181645669,1,0%
83,2080,3,0,0,0,50428,-205993,65553,65478,0,0,-138872,74731017,106628056,181359073,0,181359073,1,0%
83,2080,4,0,0,0,49932,57285,65553,54408,0,0,-128299,74602719,106743610,181346329,0,181346329,1,0%
83,2080,5,0,0,0,1440987,-1156687,65553,58928,0,0,1258237,75860956,105645192,181506148,0,181506148,1,0%
83,2080,6,0,0,0,50475,1263746,65553,80339,0,0,-153685,75707271,106967207,182674477,0,182674477,1,0%
83,2080,7,0,0,0,198279,564034,65553,52079,0,0,22378,75729649,107589510,183319159,0,183319159,1,0%
83,2080,8,0,0,0,1229141,1539430,65553,65506,0,0,1039814,76769462,109187209,185956672,0,185956672,1,0%
83,2080,9,0,0,0,47055,-2272381,65553,82625,0,0,-159392,76610070,106973097,183583167,0,183583167,1,0%
83,2080,10,0,0,0,46804,382411,65553,96645,0,0,-173663,76436408,107413776,183850184,0,183850184,1,0%
83,2080,11,0,0,0,1206716,1339219,65553,50300,0,0,1032594,77469002,108811265,186280267,0,186280267,1,0%
83,2080,12,0,0,50720,47017,109217,65553,62777,0,0,-88862,77380140,108978750,186358890,0,186358890,1,0%
84,2081,1,0,0,0,471506,240182,66864,73339,0,0,271868,77652007,109278367,186930375,0,186930375,1,0%
84,2081,2,0,0,0,1281166,-529311,66864,74373,0,0,1080494,78732501,108808491,187540993,0,187540993,1,0%
84,2081,3,0,0,0,53824,801343,66864,79877,0,0,-152352,78580149,109669269,188249418,0,188249418,1,0%
84,2081,4,0,0,0,53766,-965485,66864,78454,0,0,-150986,78429163,108763219,187192382,0,187192382,1,0%
84,2081,5,0,0,0,1422997,-2380206,66864,70757,0,0,1225942,79655105,106442448,186097553,0,186097553,1,0%
84,2081,6,0,0,0,54871,-668725,66864,66607,0,0,-138036,79517069,105833158,185350227,0,185350227,1,0%
84,2081,7,0,0,0,198405,530459,66864,84048,0,0,-11942,79505127,106423052,185928179,0,185928179,1,0%
84,2081,8,0,0,0,1193872,2035499,66864,78243,0,0,989329,80494456,108517986,189012442,0,189012442,1,0%
84,2081,9,0,0,0,47705,1368785,66864,66657,0,0,-145251,80349205,109946206,190295411,0,190295411,1,0%
84,2081,10,0,0,0,46308,-1628303,66864,72631,0,0,-152622,80196583,108377339,188573921,0,188573921,1,0%
84,2081,11,0,0,0,1208318,1289115,66864,84701,0,0,997318,81193901,109725888,190919789,0,190919789,1,0%
84,2081,12,0,0,50720,46627,1407005,66864,73619,0,0,-102570,81091330,111192328,192283659,0,192283659,1,0%
